model,micro_f1,macro_f1,threshold
text+audio,0.5582870737509913,0.41257899990716185,0.55
